name,team,position,age,fantasycalcId,sleeperId,mflId,value,overallRank,positionRank,trend30day
Ja'Marr Chase,CIN,WR,25.1,5856,7564,15281,10795,1,1,-34
Justin Jefferson,MIN,WR,25.8,7569,6794,14836,9912,2,2,-9
Jahmyr Gibbs,DET,RB,23,9821,9221,16162,9439,3,1,241
Bijan Robinson,ATL,RB,23.1,9833,9509,16161,9121,4,2,9
CeeDee Lamb,DAL,WR,26,4835,6786,14832,8089,5,3,10
Malik Nabers,NYG,WR,21.6,11737,11632,16615,7987,6,4,144
Brock Bowers,LV,TE,22.3,11702,11604,16641,7611,7,1,-7
2025 Pick 1.01,null,PICK,null,15622,DP_0_0,DP_0_0,7443,8,1,0
Amon-Ra St. Brown,DET,WR,25.4,1527,7547,15287,7333,9,5,-278
Brian Thomas,JAX,WR,22.4,11726,11631,16618,7236,10,6,242
Ashton Jeanty,null,RB,null,12612,12527,UNK,7059,11,3,0
Puka Nacua,LAR,WR,23.8,9822,9493,16211,7059,12,7,-235
Saquon Barkley,PHI,RB,28.1,7257,4866,13604,6665,13,4,-555
Josh Allen,BUF,QB,28.8,6170,4984,13589,6125,14,1,61
Nico Collins,HOU,WR,26,5030,7569,15290,5981,15,8,-341
Lamar Jackson,BAL,QB,28.2,3101,4881,13593,5896,16,2,-283
Drake London,ATL,WR,23.7,998,8112,15751,5864,17,9,70
Jayden Daniels,WAS,QB,24.3,11701,11566,16581,5847,18,3,255
De'Von Achane,MIA,RB,23.4,9969,9226,16167,5713,19,5,-446
Trey McBride,ARI,TE,25.3,7325,8130,15794,5574,20,2,-10
Breece Hall,NYJ,RB,23.8,4576,8155,15708,5567,21,6,-228
Marvin Harrison Jr,ARI,WR,22.6,11734,11628,16614,5544,22,10,-25
A.J. Brown,PHI,WR,27.7,4118,5859,14104,5284,23,11,195
Jonathan Taylor,IND,RB,26.2,3046,6813,14802,5114,24,7,-119
2025 Pick 1.02,null,PICK,null,15623,DP_0_1,DP_0_1,5084,25,2,76
Jaxon Smith-Njigba,SEA,WR,23.1,9924,9488,16185,5041,26,12,54
2025 Pick 1.03,null,PICK,null,15624,DP_0_2,DP_0_2,4999,27,3,344
Garrett Wilson,NYJ,WR,24.7,6813,8146,15753,4925,28,13,-408
Joe Burrow,CIN,QB,28.3,1002,6770,14777,4885,29,4,-125
Ladd McConkey,LAC,WR,23.4,11766,11635,16627,4842,30,14,-412
Bucky Irving,TB,RB,22.6,11779,11584,16598,4663,31,8,-434
Kyren Williams,LAR,RB,24.6,7315,8150,15710,4663,32,9,-174
2025 Pick 1.04,null,PICK,null,15625,DP_0_3,DP_0_3,4551,33,4,2
Jalen Hurts,PHI,QB,26.6,6407,6904,14783,4521,34,5,-68
Tetairoa McMillan,null,WR,null,12635,12526,UNK,4518,35,15,-57
Omarion Hampton,null,RB,null,12573,12507,UNK,4471,36,10,111
James Cook,BUF,RB,25.5,182,8138,15715,4292,37,11,-230
2025 Pick 1.05,null,PICK,null,15626,DP_0_4,DP_0_4,4176,38,5,-21
Josh Jacobs,GB,RB,27.1,1326,5850,14073,4113,39,12,-335
Rashee Rice,KC,WR,24.9,9929,10229,16194,4111,40,16,-472
Tee Higgins,CIN,WR,26.2,5531,6801,14835,4002,41,17,-373
Christian McCaffrey,SF,RB,28.8,5494,4034,13130,3999,42,13,-70
Rome Odunze,CHI,WR,22.8,11763,11620,16616,3984,43,18,-5
TreVeyon Henderson,null,RB,null,12580,12529,UNK,3900,44,14,42
Patrick Mahomes,KC,QB,29.5,880,4046,13116,3861,45,6,-198
2025 Pick 1.06,null,PICK,null,15627,DP_0_5,DP_0_5,3859,46,6,-37
Sam LaPorta,DET,TE,24.2,9843,10859,16214,3859,47,3,-100
2025 Round 1,null,PICK,null,9632,FP_2025_1,FP_2025_1,3722,48,7,-43
Kenneth Walker,SEA,RB,24.4,1749,8151,15711,3643,49,15,-274
2025 Pick 1.07,null,PICK,null,15628,DP_0_6,DP_0_6,3586,50,8,-50
Chase Brown,CIN,RB,25,9967,9224,16181,3572,51,16,-329
Derrick Henry,BAL,RB,31.2,5421,3198,12626,3556,52,17,-452
DeVonta Smith,PHI,WR,26.4,6635,7525,15282,3489,53,19,-489
DJ Moore,CHI,WR,27.9,6110,4983,13635,3465,54,20,15
Quinshon Judkins,null,RB,null,12632,12512,UNK,3392,55,18,54
2025 Pick 1.08,null,PICK,null,15629,DP_0_7,DP_0_7,3349,56,9,-58
Luther Burden,null,WR,null,12590,12519,UNK,3311,57,21,-71
DK Metcalf,SEA,WR,27.3,5240,5846,14102,3274,58,22,-152
Chris Olave,NO,WR,24.7,2548,8144,15754,3233,59,23,-299
Kaleb Johnson,null,RB,null,12598,12504,UNK,3232,60,19,-52
Zay Flowers,BAL,WR,24.5,9930,9997,16190,3232,61,24,-354
Tyler Warren,null,TE,null,12592,12518,UNK,3218,62,4,43
Drake Maye,NE,QB,22.6,11696,11564,16580,3201,63,7,-103
C.J. Stroud,HOU,QB,23.5,9838,9758,16150,3200,64,8,-113
Caleb Williams,CHI,QB,23.3,11708,11560,16579,3185,65,9,-59
Terry McLaurin,WAS,WR,29.5,4864,5927,14109,3185,66,25,-22
Justin Herbert,LAC,QB,27,8448,6797,14779,3183,67,10,-66
2025 Pick 1.09,null,PICK,null,15630,DP_0_8,DP_0_8,3141,68,10,-64
Xavier Worthy,KC,WR,21.9,11736,11624,16620,3114,69,26,-210
Emeka Egbuka,null,WR,null,12595,12514,UNK,3092,70,27,23
Jordan Addison,MIN,WR,23.1,9847,9756,16186,3078,71,28,-425
Chuba Hubbard,CAR,RB,25.8,183,7594,15261,3053,72,20,-214
Jameson Williams,DET,WR,24,1100,8148,15756,2994,73,29,-173
Jaylen Waddle,MIA,WR,26.3,1409,7526,15284,2979,74,30,-318
Bo Nix,DEN,QB,25.1,11728,11563,16582,2978,75,11,-29
2025 Pick 1.10,null,PICK,null,15631,DP_0_9,DP_0_9,2958,76,11,-69
Brandon Aiyuk,SF,WR,27,6429,6803,14840,2958,77,31,-133
David Montgomery,DET,RB,27.8,7515,5892,14071,2946,78,21,-42
T.J. Hockenson,MIN,TE,27.7,8215,5844,14138,2941,79,5,-109
Alvin Kamara,NO,RB,29.7,4144,4035,13132,2910,80,22,-125
Joe Mixon,HOU,RB,28.7,4578,4018,13131,2890,81,23,-415
Travis Hunter,null,WR,null,12617,12530,UNK,2869,82,32,-245
Jordan Love,GB,QB,26.4,3651,6804,14782,2807,83,12,-115
George Pickens,PIT,WR,24,1436,8137,15762,2806,84,33,-348
2025 Pick 1.11,null,PICK,null,15632,DP_0_10,DP_0_10,2795,85,12,-72
Tyreek Hill,MIA,WR,31.1,7958,3321,12801,2775,86,34,-200
George Kittle,SF,TE,31.5,5709,4217,13299,2733,87,6,-554
2027 Round 1,null,PICK,null,9692,FP_2027_1,FP_2027_1,2651,88,13,-15
2025 Pick 1.12,null,PICK,null,15633,DP_0_11,DP_0_11,2649,89,14,-74
Chris Godwin,TB,WR,29.1,2505,4037,13163,2621,90,35,40
Mike Evans,TB,WR,31.6,7495,2216,11671,2612,91,36,-259
Jayden Reed,GB,WR,24.9,9863,10222,16184,2605,92,37,-302
2026 Round 1,null,PICK,null,9662,FP_2026_1,FP_2026_1,2583,93,15,-198
Najee Harris,PIT,RB,27,7252,7528,15254,2561,94,24,292
Jerry Jeudy,CLE,WR,25.9,2427,6783,14833,2536,95,38,-113
Davante Adams,NYJ,WR,32.2,1503,2133,11675,2525,96,39,299
2025 Pick 2.01,null,PICK,null,15652,DP_1_0,DP_1_0,2518,97,16,-75
Kyler Murray,ARI,QB,27.6,3544,5849,14056,2515,98,13,-178
Ricky Pearsall,SF,WR,24.5,11752,11638,16622,2485,99,40,140
Colston Loveland,null,TE,null,12578,12517,UNK,2450,100,7,7
Brock Purdy,SF,QB,25.2,5570,8183,15698,2408,101,14,-72
2025 Pick 2.02,null,PICK,null,15653,DP_1_1,DP_1_1,2399,102,17,-76
Tyrone Tracy,NYG,RB,25.3,12123,11655,16747,2385,103,25,-249
Tre Harris,null,WR,null,12593,12509,UNK,2336,104,41,-114
Baker Mayfield,TB,QB,29.9,2737,4892,13590,2333,105,15,-274
Travis Etienne,JAX,RB,26.2,3156,7543,15253,2331,106,26,-386
Cam Skattebo,null,RB,null,12643,12481,UNK,2325,107,27,-37
Brian Robinson,WAS,RB,26,4174,8154,15716,2318,108,28,-256
Matthew Golden,null,WR,null,12672,12501,UNK,2311,109,42,17
Cam Ward,null,QB,null,12603,12522,UNK,2297,110,16,-109
2025 Pick 2.03,null,PICK,null,15654,DP_1_2,DP_1_2,2290,111,18,-77
James Conner,ARI,RB,29.9,7447,4137,13146,2289,112,29,-105
Devin Neal,null,RB,null,12618,12476,UNK,2277,113,30,-115
J.J. McCarthy,MIN,QB,22.2,11740,11565,16584,2256,114,17,86
Josh Downs,IND,WR,23.6,9936,9500,16187,2251,115,43,-190
Mark Andrews,BAL,TE,29.5,4519,5012,13671,2249,116,8,-123
Dalton Kincaid,BUF,TE,25.4,9819,10236,16213,2242,117,9,-297
Zach Charbonnet,SEA,RB,24.2,9921,9753,16169,2238,118,31,-256
Isiah Pacheco,KC,RB,26.1,3777,8205,15749,2231,119,32,-317
D'Andre Swift,CHI,RB,26.2,1574,6790,14797,2228,120,33,-85
Khalil Shakir,BUF,WR,25.1,8607,8134,15761,2223,121,44,-120
Kyle Pitts,ATL,TE,24.5,280,7553,15329,2212,122,10,-13
2025 Pick 2.04,null,PICK,null,15655,DP_1_3,DP_1_3,2191,123,19,-77
Courtland Sutton,DEN,WR,29.4,818,5045,13630,2174,124,45,-80
Trevor Lawrence,JAX,QB,25.5,1086,7523,15237,2169,125,18,-247
Aaron Jones,MIN,RB,30.3,2382,4199,13319,2165,126,34,108
Deebo Samuel,SF,WR,29.2,2495,5872,14136,2153,127,46,13
David Njoku,CLE,TE,28.7,6513,4033,13192,2144,128,11,1
Trey Benson,ARI,RB,22.7,11758,11589,16594,2129,129,35,75
Ollie Gordon,null,RB,null,12616,12495,UNK,2116,130,36,-75
Michael Pittman,IND,WR,27.5,8259,6819,14842,2111,131,47,-156
Jalen McMillan,TB,WR,23.3,11754,11618,16628,2109,132,48,-358
Keon Coleman,BUF,WR,21.8,11716,11637,16617,2105,133,49,-242
2025 Pick 2.05,null,PICK,null,15656,DP_1_4,DP_1_4,2101,134,20,-76
Jared Goff,DET,QB,30.4,8587,3163,12611,2099,135,19,-12
Tucker Kraft,GB,TE,24.4,9824,9484,16222,2077,136,12,-151
Michael Penix,ATL,QB,24.9,11739,11559,16583,2069,137,20,-203
Cooper Kupp,LAR,WR,31.8,5586,4039,13164,2063,138,50,-51
Dylan Sampson,null,RB,null,12638,12469,UNK,2046,139,37,-45
2025 Pick 2.06,null,PICK,null,15657,DP_1_5,DP_1_5,2018,140,21,-76
Rhamondre Stevenson,NE,RB,27.1,4294,7611,15259,2009,141,38,-126
2025 Round 2,null,PICK,null,9633,FP_2025_2,FP_2025_2,1979,142,22,-76
Tony Pollard,TEN,RB,27.9,407,5967,14085,1970,143,39,-123
2025 Pick 2.07,null,PICK,null,15658,DP_1_6,DP_1_6,1941,144,23,-75
Jonathon Brooks,CAR,RB,21.7,11725,11583,16597,1917,145,40,-215
J.K. Dobbins,LAC,RB,26.3,5149,6806,14800,1905,146,41,-270
Jakobi Meyers,LV,WR,28.4,2463,5947,14127,1898,147,51,-35
Jaylen Warren,PIT,RB,26.4,6285,8228,15742,1881,148,42,27
Rachaad White,TB,RB,26.2,2187,8136,15721,1874,149,43,-153
2025 Pick 2.08,null,PICK,null,15659,DP_1_7,DP_1_7,1869,150,24,-75
Tank Bigsby,JAX,RB,22.6,9925,9225,16164,1867,151,44,-157
Isaiah Likely,BAL,TE,24.9,7402,8131,15798,1864,152,13,32
Dak Prescott,DAL,QB,31.6,6637,3294,12620,1856,153,21,-146
Isaiah Bond,null,WR,null,12655,12503,UNK,1845,154,52,-131
Calvin Ridley,TEN,WR,30.3,41,4981,13629,1839,155,53,67
Jordan Mason,SF,RB,25.8,5469,8408,15972,1833,156,45,241
Jauan Jennings,SF,WR,27.7,2631,7049,14860,1831,157,54,13
Evan Engram,JAX,TE,30.6,3648,4066,13189,1830,158,14,192
Shedeur Sanders,null,QB,null,12587,12524,UNK,1822,159,22,-201
Bryce Young,CAR,QB,23.7,9944,9228,16148,1821,160,23,-146
2025 Pick 2.09,null,PICK,null,15660,DP_1_8,DP_1_8,1802,161,25,-74
Elic Ayomanor,null,WR,null,12623,12499,UNK,1788,162,55,-86
Tyjae Spears,TEN,RB,23.8,9817,9508,16165,1783,163,46,-186
Braelon Allen,NYJ,RB,21.2,11748,11576,16596,1742,164,47,-124
2025 Pick 2.10,null,PICK,null,15661,DP_1_9,DP_1_9,1740,165,26,-73
Rashid Shaheed,NO,WR,26.6,2354,8676,16080,1737,166,56,-52
Xavier Legette,CAR,WR,24.1,11718,11626,16639,1733,167,57,-200
Stefon Diggs,HOU,WR,31.3,3214,2449,12186,1728,168,58,0
Javonte Williams,DEN,RB,24.9,6963,7588,15256,1712,169,48,33
Tua Tagovailoa,MIA,QB,27.1,6092,6768,14778,1706,170,24,-185
2025 Pick 2.11,null,PICK,null,15662,DP_1_10,DP_1_10,1683,171,27,-72
Jake Ferguson,DAL,TE,26.2,6785,8110,15799,1673,172,15,-105
DJ Giddens,null,RB,null,12656,12471,UNK,1664,173,49,-31
Tank Dell,HOU,WR,25.4,9950,9502,16204,1656,174,59,-230
Jonnu Smith,MIA,TE,29.6,4185,4144,13193,1653,175,16,-216
Travis Kelce,KC,TE,35.5,2204,1466,11244,1640,176,17,-29
RJ Harvey,null,RB,null,12601,12489,UNK,1639,177,50,-14
Darnell Mooney,ATL,WR,27.4,3901,7090,14974,1638,178,60,-127
Cade Otton,TB,TE,25.9,2021,8111,15802,1637,179,18,-144
Christian Kirk,JAX,WR,28.3,8090,4950,13633,1630,180,61,237
2025 Pick 2.12,null,PICK,null,15663,DP_1_11,DP_1_11,1629,181,28,-71
Blake Corum,LAR,RB,24.3,11747,11586,16593,1629,182,51,-84
Jaylen Wright,MIA,RB,22,11781,11643,16610,1620,183,52,6
Sam Darnold,MIN,QB,27.8,8007,4943,13592,1620,184,25,172
Jayden Higgins,null,WR,null,12652,12484,UNK,1610,185,62,-28
Justin Fields,PIT,QB,26,7191,7591,15238,1610,186,26,424
Isaac Guerendo,SF,RB,24.7,11789,11651,16688,1609,187,53,-51
Pat Freiermuth,PIT,TE,26.4,2550,7600,15331,1609,188,19,-119
Jalen Royals,null,WR,null,12671,12505,UNK,1590,189,63,-44
2025 Pick 3.01,null,PICK,null,15682,DP_2_0,DP_2_0,1578,190,29,-71
Bhayshul Tuten,null,RB,null,12620,12490,UNK,1573,191,54,14
Quentin Johnston,LAC,WR,23.5,9879,9754,16188,1571,192,64,-101
Damien Martinez,null,RB,null,12633,12462,UNK,1548,193,55,-70
Marvin Mims,DEN,WR,23,9955,9494,16189,1535,194,65,-98
Harold Fannin,null,TE,null,12659,12506,UNK,1531,195,20,-88
2025 Pick 3.02,null,PICK,null,15683,DP_2_1,DP_2_1,1530,196,30,-69
Rico Dowdle,DAL,RB,26.8,1465,7021,14823,1529,197,56,-252
Romeo Doubs,GB,WR,24.9,2419,8121,15779,1527,198,66,-114
Xavier Restrepo,null,WR,null,12649,12520,UNK,1525,199,67,-77
Nick Chubb,CLE,RB,29.2,4188,4988,13610,1524,200,57,58
Dallas Goedert,PHI,TE,30.2,5988,5022,13674,1516,201,21,2
2026 Round 2,null,PICK,null,9663,FP_2026_2,FP_2026_2,1510,202,31,-69
Ray Davis,BUF,RB,25.4,11699,11575,16603,1505,203,58,-63
Tez Johnson,null,WR,null,12667,12485,UNK,1504,204,68,-68
Cedric Tillman,CLE,WR,24.9,9904,10444,16191,1492,205,69,-166
2025 Pick 3.03,null,PICK,null,15684,DP_2_2,DP_2_2,1485,206,32,-69
Cole Kmet,CHI,TE,26,4857,6826,14867,1483,207,22,-130
Jordan James,null,RB,null,12657,12467,UNK,1462,208,59,-39
Jerome Ford,CLE,RB,25.5,8319,8143,15713,1454,209,60,-297
Anthony Richardson,IND,QB,22.8,9951,9229,16152,1453,210,27,-327
2027 Round 2,null,PICK,null,9693,FP_2027_2,FP_2027_2,1452,211,33,-40
Ben Sinnott,WAS,TE,22.8,11746,11596,16644,1451,212,23,88
2025 Pick 3.04,null,PICK,null,15685,DP_2_3,DP_2_3,1443,213,34,-68
Ja'Tavion Sanders,CAR,TE,22,11714,11600,16643,1435,214,24,-77
Adonai Mitchell,IND,WR,22.4,11711,11625,16626,1419,215,70,-105
Wan'Dale Robinson,NYG,WR,24.2,4091,8126,15757,1409,216,71,-87
2025 Pick 3.05,null,PICK,null,15686,DP_2_4,DP_2_4,1403,217,35,-67
Elijah Arroyo,null,TE,null,12650,12521,UNK,1395,218,25,-59
Rashod Bateman,BAL,WR,25.3,7410,7571,15293,1393,219,72,-66
Amari Cooper,BUF,WR,30.8,2301,2309,12175,1384,220,73,-172
Jalen Coker,CAR,WR,23.4,11783,11646,16809,1383,221,74,-97
Tyler Allgeier,ATL,RB,24.9,6408,8132,15712,1370,222,61,-196
2025 Pick 3.06,null,PICK,null,15687,DP_2_5,DP_2_5,1366,223,36,-65
Hollywood Brown,KC,WR,27.8,3950,5848,14105,1352,224,75,-88
2025 Round 3,null,PICK,null,9634,FP_2025_3,FP_2025_3,1347,225,37,-65
Jack Bech,null,WR,null,12626,12483,UNK,1343,226,76,-41
2025 Pick 3.07,null,PICK,null,15688,DP_2_6,DP_2_6,1330,227,38,-64
Christian Watson,GB,WR,25.9,5981,8167,15789,1325,228,77,-47
2025 Pick 3.08,null,PICK,null,15689,DP_2_7,DP_2_7,1296,229,39,-63
Michael Mayer,LV,TE,23.7,9931,9482,16212,1292,230,26,544
Brenton Strange,JAX,TE,24.2,9948,9480,16269,1288,231,27,314
Keenan Allen,CHI,WR,32.9,1334,1479,11222,1277,232,78,-267
2025 Pick 3.09,null,PICK,null,15690,DP_2_8,DP_2_8,1263,233,40,-63
Matthew Stafford,LAR,QB,37.1,3611,421,9431,1259,234,28,219
Mason Taylor,null,TE,null,12642,12498,UNK,1238,235,28,-6
2025 Pick 3.10,null,PICK,null,15691,DP_2_9,DP_2_9,1232,236,41,-62
Audric Estime,DEN,RB,21.5,11776,11579,16595,1227,237,62,-128
Austin Ekeler,WAS,RB,29.8,1332,4663,13404,1223,238,63,330
Geno Smith,SEA,QB,34.5,6305,1373,11150,1217,239,29,2
DeMario Douglas,NE,WR,24.3,9840,9501,16342,1215,240,79,-105
Jordan Whittington,LAR,WR,24.5,11721,11623,16633,1212,241,80,-52
MarShawn Lloyd,GB,RB,24.2,11729,11581,16604,1207,242,64,-114
2025 Pick 3.11,null,PICK,null,15692,DP_2_10,DP_2_10,1203,243,42,-61
Dontayvion Wicks,GB,WR,23.8,9909,9486,16195,1191,244,81,-90
2025 Pick 3.12,null,PICK,null,15693,DP_2_11,DP_2_11,1176,245,43,-60
Brashard Smith,null,RB,null,12591,12455,UNK,1160,246,65,-22
Jalen Milroe,null,QB,null,12665,12510,UNK,1157,247,30,-63
Jaxson Dart,null,QB,null,12609,12508,UNK,1143,248,31,-10
Savion Williams,null,WR,null,12602,12482,UNK,1127,249,82,-21
DeAndre Hopkins,KC,WR,32.8,4681,1426,11232,1117,250,83,134
Ja'Lynn Polk,NE,WR,22.9,11700,11619,16631,1114,251,84,-11
Joshua Palmer,LAC,WR,25.5,2308,7670,15319,1106,252,85,726
Mike Gesicki,CIN,TE,29.5,7291,4993,13672,1093,253,29,495
Jaydon Blue,null,RB,null,12622,12457,UNK,1088,254,66,-20
Woody Marks,null,RB,null,12599,12474,UNK,1070,255,67,-20
Adam Thielen,CAR,WR,34.6,4811,1689,11938,1052,256,86,104
Kendre Miller,NO,RB,22.8,9960,9757,16171,1049,257,68,-421
Kareem Hunt,KC,RB,29.6,6621,4098,13138,1038,258,69,348
Zach Ertz,WAS,TE,34.4,324,1339,11247,1035,259,30,156
2026 Round 3,null,PICK,null,9664,FP_2026_3,FP_2026_3,1026,260,44,-24
Gunnar Helm,null,TE,null,12640,12502,UNK,1015,261,31,-20
2027 Round 3,null,PICK,null,9694,FP_2027_3,FP_2027_3,1010,262,45,-16
Raheim Sanders,null,RB,null,12641,12472,UNK,992,263,70,-18
Troy Franklin,DEN,WR,22.1,11738,11627,16619,991,264,87,-295
Chig Okonkwo,TEN,TE,25.5,722,8210,15889,951,265,32,-307
Tory Horton,null,WR,null,12637,12497,UNK,931,266,88,-18
Terrance Ferguson,null,TE,null,12596,12487,UNK,923,267,33,-18
Quinn Ewers,null,QB,null,12648,12500,UNK,919,268,32,-27
Hunter Henry,NE,TE,30.3,675,3214,12676,918,269,34,-141
Derek Carr,NO,QB,34,1954,2028,11644,913,270,33,17
Kayshon Boutte,NE,WR,22.9,9939,9504,16193,911,271,89,-223
Donovan Edwards,null,RB,null,12670,12515,UNK,896,272,71,-17
Tai Felton,null,WR,null,12604,12496,UNK,878,273,90,-16
Theo Johnson,NYG,TE,24.1,11749,11597,16649,873,274,35,-317
Roman Wilson,PIT,WR,23.8,11750,11630,16629,872,275,91,-37
Jaleel McLaughlin,DEN,RB,24.5,11676,11439,16390,864,276,72,5
Kalel Mullings,null,RB,null,12658,12516,UNK,858,277,73,-16
Jarquez Hunter,null,RB,null,11707,11569,UNK,852,278,74,-15
Alec Pierce,IND,WR,24.9,5433,8142,15768,851,279,92,51
Aaron Rodgers,NYJ,QB,41.3,715,96,7836,841,280,34,169
Daniel Jones,MIN,QB,27.8,5,5870,14059,829,281,35,435
Dalton Schultz,HOU,TE,28.7,4655,5001,13772,827,282,36,0
Oronde Gadsden,null,TE,null,12576,12493,UNK,824,283,37,-16
Russell Wilson,PIT,QB,36.3,8651,1234,10703,793,284,36,3
Parker Washington,JAX,WR,23,9894,9487,16192,786,285,93,83
Kimani Vidal,LAC,RB,23.6,11790,11647,16757,783,286,75,-24
Dillon Gabriel,null,QB,null,12646,12486,UNK,781,287,37,-9
Malik Washington,MIA,WR,24.2,11770,11610,16684,773,288,94,-128
Nick Nash,null,WR,null,12621,12478,UNK,770,289,95,-15
Roschon Johnson,CHI,RB,24.1,9926,10235,16175,764,290,76,-74
Raheem Mostert,MIA,RB,33,6259,2749,12447,760,291,77,453
Andrei Iosivas,CIN,WR,25.4,9959,10226,16207,742,292,96,-178
AJ Dillon,GB,RB,26.9,3368,6828,14805,737,293,78,569
Kirk Cousins,ATL,QB,36.6,536,1166,10700,731,294,38,-193
Joe Milton,NE,QB,25,11772,11557,16585,726,295,39,21
Jalen Tolbert,DAL,WR,26.1,2144,8117,15788,719,296,97,305
Khalil Herbert,CIN,RB,26.9,320,7608,15271,719,297,79,468
Pat Bryant,null,WR,null,12634,12492,UNK,717,298,98,-13
Noah Gray,KC,TE,25.9,865,7828,15337,711,299,38,-496
Jimmy Horn,null,WR,null,12600,12523,UNK,704,300,99,-13
Elijah Moore,CLE,WR,25,4250,7596,15288,675,301,100,-140
Ricky White,null,WR,null,12582,12475,UNK,673,302,101,-13
Jermaine Burton,CIN,WR,23.7,11698,11640,16632,658,303,102,-252
Will Howard,null,QB,null,12619,12511,UNK,655,304,40,-15
Luke McCaffrey,WAS,WR,24,11788,11650,16635,649,305,103,-210
Javon Baker,NE,WR,23.1,11782,11645,16637,647,306,104,15
Diontae Johnson,null,WR,28.7,4373,5937,14208,641,307,105,-249
Michael Wilson,ARI,WR,25.1,9952,10232,16206,630,308,106,-177
Sean Tucker,TB,RB,23.4,9915,9506,16166,623,309,80,126
Devaughn Vele,DEN,WR,27.3,11908,11834,16788,621,310,107,-144
Alexander Mattison,LV,RB,26.8,7600,5987,14223,618,311,81,-10
Kenneth Gainwell,PHI,RB,26,4476,7567,15255,614,312,82,381
Mitchell Evans,null,TE,null,12614,12473,UNK,603,313,39,-12
Juwan Johnson,NO,TE,28.5,5552,7002,14861,599,314,40,188
Luke Musgrave,GB,TE,24.5,9856,9481,16215,582,315,41,30
AJ Barner,SEA,TE,22.9,11720,11603,16723,579,316,42,89
Nick Westbrook-Ikhine,TEN,WR,28,4872,7496,15109,574,317,108,8
Ja'Quinden Jackson,null,RB,null,12651,12479,UNK,559,318,83,-11
Tre Tucker,LV,WR,24,9873,10213,16287,556,319,109,-19
Dyami Brown,WAS,WR,25.4,7376,7587,15292,554,320,110,112
Mac Jones,JAX,QB,26.5,6814,7527,15241,543,321,41,205
Miles Sanders,CAR,RB,27.9,5455,6151,14079,543,322,84,326
Sincere McCormick,LV,RB,24.5,8286,8220,15743,534,323,85,53
Keaton Mitchell,BAL,RB,23.2,9982,9511,16178,533,324,86,-10
Barion Brown,null,WR,null,12645,12456,UNK,530,325,111,-10
Evan Stewart,null,WR,null,12585,12468,UNK,529,326,112,-10
Antonio Gibson,NE,RB,26.7,7587,6945,14852,528,327,87,9
Justice Hill,BAL,RB,27.4,5156,5995,14086,527,328,88,-15
Corey Kiner,null,RB,null,12581,12491,UNK,522,329,89,-10
Malachi Corley,NYJ,WR,23,11744,11617,16636,522,330,113,40
Will Levis,TEN,QB,25.7,9901,9999,16149,518,331,42,-185
Bru McCoy,null,WR,null,11771,11612,UNK,512,332,114,-10
Dameon Pierce,HOU,RB,25.1,919,8129,15717,495,333,90,41
Will Shipley,PHI,RB,22.6,11743,11577,16601,490,334,91,15
Zack Moss,CIN,RB,27.3,336,6845,14798,490,335,92,-55
Gabe Davis,JAX,WR,26,8112,6943,14845,486,336,115,20
Antwane Wells,null,WR,null,12615,12460,UNK,483,337,116,-9
Riley Leonard,null,QB,null,12613,12470,UNK,481,338,43,-9
Kyle McCord,null,QB,null,12647,12494,UNK,465,339,44,-8
Kenny Pickett,PHI,QB,26.8,5730,8160,15692,448,340,45,338
Kobe Hudson,null,WR,null,12608,12488,UNK,432,341,117,-8
Devin Singletary,NYG,RB,27.5,8347,6130,14080,424,342,93,-93
Tyler Lockett,SEA,WR,32.5,2019,2374,12187,420,343,118,21
Jaydn Ott,null,RB,null,12577,12459,UNK,410,344,94,-8
Mike Williams,PIT,WR,30.5,8015,4068,13154,409,345,119,298
Jameis Winston,CLE,QB,31.2,794,2306,12140,395,346,46,3
Noah Fant,SEA,TE,27.3,2677,5857,14137,388,347,43,-136
Spencer Rattler,NO,QB,24.5,11719,11562,16586,377,348,47,-45
Jahan Dotson,PHI,WR,25,7169,8119,15755,377,349,120,-24
Elijah Mitchell,SF,RB,26.9,2660,7561,15263,376,350,95,268
Erick All,CIN,TE,24.5,11761,11592,16645,371,351,44,-255
John Metchie,HOU,WR,24.7,3812,8147,15759,370,352,121,-107
Isaiah Davis,NYJ,RB,23.1,11767,11571,16752,358,353,96,-171
Deshaun Watson,CLE,QB,29.5,3568,4017,13113,353,354,48,60
Tutu Atwell,LAR,WR,25.5,8432,7562,15301,352,355,122,198
Darius Slayton,NYG,WR,28.2,6028,6149,14122,348,356,123,4
Zamir White,LV,RB,25.5,3171,8139,15714,341,357,97,-51
Marquez Valdes-Scantling,NO,WR,30.4,5958,5086,13793,330,358,124,127
Sam Howell,SEA,QB,24.5,8210,8162,15693,329,359,49,157
Taysom Hill,NO,TE,34.6,6915,4381,13424,322,360,45,-89
Cam Akers,MIN,RB,25.7,2937,6938,14799,312,361,98,-57
Tyler Higbee,LAR,TE,32.2,5467,3271,12678,310,362,46,139
Kurtis Rourke,null,QB,null,12630,12477,UNK,304,363,50,-6
Will Dissly,LAC,TE,28.7,8420,5010,13763,304,364,47,-32
Calvin Austin,PIT,WR,26,4996,8125,15777,294,365,125,-42
Jalen Nailor,MIN,WR,26.1,3629,8180,15786,291,366,126,-44
Gus Edwards,LAC,RB,29.9,4539,5248,13850,290,367,99,-287
Cooper Rush,DAL,QB,31.3,157,4574,13124,289,368,51,145
Cade Stover,HOU,TE,24.8,11695,11599,16642,288,369,48,-55
Gardner Minshew,LV,QB,28.8,7783,6011,14067,283,370,52,189
Moliki Matavao,null,TE,null,12628,12480,UNK,255,371,49,-5
Ray-Ray McCloud,ATL,WR,28.4,6900,5096,13641,254,372,127,-55
Zach Wilson,DEN,QB,25.6,6731,7538,15239,249,373,53,256
Antonio Williams,null,WR,null,12639,12461,UNK,246,374,128,-5
Malik Willis,GB,QB,25.8,6888,8161,15694,246,375,54,18
Emanuel Wilson,GB,RB,25.9,11422,11435,16432,241,376,100,-81
Demarcus Robinson,LAR,WR,30.5,448,3286,12785,215,377,129,10
Aidan O'Connell,LV,QB,26.6,11015,10866,16159,215,378,55,-75
Dawson Knox,BUF,TE,28.4,1787,5906,14143,213,379,50,8
Treylon Burks,TEN,WR,25,2373,8135,15752,208,380,130,-14
Bub Means,NO,WR,24.2,11896,11748,16751,205,381,131,34
Luke Schoonmaker,DAL,TE,26.5,11006,10871,16221,205,382,51,-162
Jake Bobo,SEA,WR,26.6,11025,10867,16393,185,383,132,189
Ty Chandler,MIN,RB,26.9,8117,8230,15723,178,384,101,-9
Stone Smartt,LAC,TE,26.5,8005,8583,16113,176,385,52,119
Grant Calcaterra,PHI,TE,26.3,8573,8177,15804,171,386,53,49
Hendon Hooker,DET,QB,27.2,9881,9998,16151,171,387,56,12
Brandin Cooks,DAL,WR,31.5,7088,2197,11674,167,388,133,-159
Tim Patrick,DET,WR,31.3,4730,4351,13377,165,389,134,115
Jalin Hyatt,NYG,WR,23.5,9851,9497,16183,157,390,135,-28
Rondale Moore,ATL,WR,24.8,2214,7601,15283,157,391,136,41
Jacob Cowing,SF,WR,24.1,11778,11616,16640,153,392,137,-2
Jonathan Mingo,DAL,WR,23.9,9867,10225,16197,152,393,138,-135
Tyler Conklin,NYJ,TE,29.6,6147,5133,13675,149,394,54,-37
Devontez Walker,BAL,WR,23.8,11777,11629,16621,147,395,139,10
Trey Palmer,TB,WR,24,9855,9492,16199,141,396,140,-26
Marcus Mariota,WAS,QB,31.4,7818,2307,12141,136,397,57,69
Ty Johnson,BUF,RB,27.5,607,6039,14095,130,398,102,-49
Brenden Rice,LAC,WR,23,11710,11621,16623,128,399,141,-31
Curtis Samuel,BUF,WR,28.6,3438,4082,13157,125,400,142,-39
Mason Rudolph,TEN,QB,29.7,4357,4972,13595,123,401,58,127
Xavier Hutchinson,HOU,WR,24.8,9854,10218,16201,110,402,143,-42
Dorian Thompson-Robinson,CLE,QB,25.4,9945,10862,16158,108,403,59,79
Jacoby Brissett,NE,QB,32.3,2042,3257,12616,108,404,60,112
Tommy Tremble,CAR,TE,24.8,7388,7694,15332,105,405,55,23
Rasheen Ali,BAL,RB,24.1,11727,11570,16746,103,406,103,-12
Jordan Travis,NYJ,QB,24.9,11756,11567,16589,101,407,61,-51
Samaje Perine,KC,RB,29.5,3463,4147,13133,99,408,104,99
Andy Dalton,CAR,QB,37.4,2030,829,10313,94,409,62,97
Clyde Edwards-Helaire,null,RB,25.9,8140,6820,14803,93,410,105,-18
Jared Wiley,KC,TE,24.4,11732,11595,16648,92,411,56,-15
Dylan Laube,LV,RB,25.3,11768,11574,16613,89,412,106,89
Colby Parkinson,LAR,TE,26.2,6289,6865,14871,82,413,57,-21
Tyrod Taylor,NYJ,QB,35.6,4418,827,10413,80,414,63,83
Tyler Goodson,IND,RB,24.4,2000,8207,15730,76,415,107,76
KaVontae Turpin,DAL,WR,28.6,4302,8917,15981,75,416,144,77
Jake Browning,CIN,QB,28.9,438,6111,14358,71,417,64,8
Greg Dortch,ARI,WR,26.8,938,5970,14108,63,418,145,8
Joe Flacco,IND,QB,40.2,2323,19,9064,56,419,65,-93
Joshua Dobbs,SF,QB,30.2,244,4179,13119,51,420,66,53
Frank Gore,BUF,RB,23,11715,11573,16599,50,421,108,50
Bo Melton,GB,WR,25.8,7422,8204,15785,45,422,146,21
Deuce Vaughn,DAL,RB,23.4,9900,9505,16176,44,423,109,44
Jimmy Garoppolo,LAR,QB,33.4,2899,1837,11760,43,424,67,45
Carson Steele,KC,RB,22.4,11717,11582,16612,42,425,110,-19
Olamide Zaccheaus,WAS,WR,27.7,205,6271,14592,41,426,147,-85
Israel Abanikanda,SF,RB,22.5,9845,9227,16168,39,427,111,39
Chris Rodriguez,WAS,RB,25.5,9831,10219,16174,39,428,112,-29
Mack Hollins,BUF,WR,31.5,3596,4177,13289,32,429,148,33
Tyson Bagent,CHI,QB,24.8,11408,11256,16384,31,430,68,3
Daniel Bellinger,NYG,TE,24.5,2752,8225,15873,31,431,58,-17
JuJu Smith-Schuster,KC,WR,28.3,8033,4040,13156,30,432,149,-26
Michael Carter,ARI,RB,25.9,4611,7607,15258,27,433,113,27
Sione Vaki,DET,RB,23.6,11958,11729,16678,23,434,114,-39
Jarrett Stidham,DEN,QB,28.6,7992,6136,14063,23,435,69,24
Trey Lance,DAL,QB,24.9,4875,7610,15240,22,436,70,-109
Kenny McIntosh,SEA,RB,25,9850,10216,16170,19,437,115,9
Brevin Jordan,HOU,TE,24.7,6946,7568,15330,17,438,59,18
Devin Culp,TB,TE,25.1,11801,11820,16796,13,439,60,14
Drew Lock,NYG,QB,28.4,3577,5854,14057,11,440,71,-101
Carson Wentz,KC,QB,32.2,7100,3161,12610,6,441,72,7
Mason Tipton,NO,WR,24.5,12233,11895,UNK,5,442,150,-67
Josh Whyle,TEN,TE,25.5,9961,10212,16312,2,443,61,3
